{"cameraMode":{"drawMode":0,"name":"Shaded","section":"Shading Mode"},"sceneLighting":true,"audioPlay":false,"sceneViewState":{"m_AlwaysRefresh":false,"showFog":true,"showSkybox":true,"showFlares":true,"showImageEffects":true,"showParticleSystems":true,"showVisualEffectGraphs":true,"m_FxEnabled":true},"in2DMode":false,"pivot":{"x":692.6012573242188,"y":478.8358154296875,"z":-152.52212524414063},"rotation":{"x":-0.008993668481707573,"y":0.04168066009879112,"z":-0.0003624416422098875,"w":-0.9991881847381592},"size":453.7166748046875,"orthographic":true}