{"cameraMode":{"drawMode":0,"name":"Shaded","section":"Shading Mode"},"sceneLighting":true,"audioPlay":false,"sceneViewState":{"m_AlwaysRefresh":false,"showFog":true,"showSkybox":true,"showFlares":true,"showImageEffects":true,"showParticleSystems":true,"showVisualEffectGraphs":true,"m_FxEnabled":true},"in2DMode":false,"pivot":{"x":1775.7847900390625,"y":771.4442749023438,"z":-56.918182373046878},"rotation":{"x":-0.008993668481707573,"y":0.04168066009879112,"z":-0.0003624416422098875,"w":-0.9991881847381592},"size":1685.590576171875,"orthographic":true}