{"cameraMode":{"drawMode":0,"name":"Shaded","section":"Shading Mode"},"sceneLighting":true,"audioPlay":false,"sceneViewState":{"m_AlwaysRefresh":false,"showFog":true,"showSkybox":true,"showFlares":true,"showImageEffects":true,"showParticleSystems":true,"showVisualEffectGraphs":true,"m_FxEnabled":false},"in2DMode":false,"pivot":{"x":1618.894775390625,"y":1113.3695068359375,"z":129.02130126953126},"rotation":{"x":0.10629426687955857,"y":-0.01671684719622135,"z":-0.0017730925465002657,"w":-0.9942910671234131},"size":1400.8177490234375,"orthographic":true}