{"cameraMode":{"drawMode":0,"name":"Shaded","section":"Shading Mode"},"sceneLighting":true,"audioPlay":false,"sceneViewState":{"m_AlwaysRefresh":false,"showFog":true,"showSkybox":true,"showFlares":true,"showImageEffects":true,"showParticleSystems":true,"showVisualEffectGraphs":true,"m_FxEnabled":true},"in2DMode":false,"pivot":{"x":454.7759094238281,"y":675.2041625976563,"z":27.05963134765625},"rotation":{"x":-0.010490421205759049,"y":0.046175915747880939,"z":-0.0004721981240436435,"w":-0.998975932598114},"size":278.8485412597656,"orthographic":true}