{"cameraMode":{"drawMode":0,"name":"Shaded","section":"Shading Mode"},"sceneLighting":true,"audioPlay":false,"sceneViewState":{"m_AlwaysRefresh":false,"showFog":true,"showSkybox":true,"showFlares":true,"showImageEffects":true,"showParticleSystems":true,"showVisualEffectGraphs":true,"m_FxEnabled":true},"in2DMode":false,"pivot":{"x":812.0238037109375,"y":1534.089111328125,"z":24.135818481445314},"rotation":{"x":0.10629426687955857,"y":-0.01671684719622135,"z":-0.0017730925465002657,"w":-0.9942910671234131},"size":521.7794189453125,"orthographic":true}