{"cameraMode":{"drawMode":0,"name":"Shaded","section":"Shading Mode"},"sceneLighting":true,"audioPlay":false,"sceneViewState":{"m_AlwaysRefresh":false,"showFog":true,"showSkybox":true,"showFlares":true,"showImageEffects":true,"showParticleSystems":true,"showVisualEffectGraphs":true,"m_FxEnabled":true},"in2DMode":false,"pivot":{"x":1088.6905517578125,"y":491.0154113769531,"z":9.966888427734375},"rotation":{"x":-0.010490421205759049,"y":0.046175915747880939,"z":-0.0004721981240436435,"w":-0.998975932598114},"size":566.45849609375,"orthographic":true}