{"cameraMode":{"drawMode":0,"name":"Shaded","section":"Shading Mode"},"sceneLighting":true,"audioPlay":false,"sceneViewState":{"m_AlwaysRefresh":false,"showFog":true,"showSkybox":true,"showFlares":true,"showImageEffects":true,"showParticleSystems":true,"showVisualEffectGraphs":true,"m_FxEnabled":true},"in2DMode":false,"pivot":{"x":1156.705078125,"y":1597.6131591796875,"z":15.1019287109375},"rotation":{"x":0.12716500461101533,"y":0.005642803385853767,"z":0.0007374398410320282,"w":-0.9919639229774475},"size":492.68194580078127,"orthographic":true}