{"cameraMode":{"drawMode":0,"name":"Shaded","section":"Shading Mode"},"sceneLighting":true,"audioPlay":false,"sceneViewState":{"m_AlwaysRefresh":false,"showFog":true,"showSkybox":true,"showFlares":true,"showImageEffects":true,"showParticleSystems":true,"showVisualEffectGraphs":true,"m_FxEnabled":true},"in2DMode":false,"pivot":{"x":1441.76611328125,"y":845.3211059570313,"z":-7.23553466796875},"rotation":{"x":0.12716500461101533,"y":0.005642803385853767,"z":0.0007374398410320282,"w":-0.9919639229774475},"size":1116.8463134765625,"orthographic":true}