{"cameraMode":{"drawMode":0,"name":"Shaded","section":"Shading Mode"},"sceneLighting":true,"audioPlay":false,"sceneViewState":{"m_AlwaysRefresh":false,"showFog":true,"showSkybox":true,"showFlares":true,"showImageEffects":true,"showParticleSystems":true,"showVisualEffectGraphs":true,"m_FxEnabled":true},"in2DMode":false,"pivot":{"x":563.5726318359375,"y":955.236572265625,"z":40.61845779418945},"rotation":{"x":-0.013487294316291809,"y":0.04617428779602051,"z":-0.0006107775261625648,"w":-0.9989399313926697},"size":479.4034118652344,"orthographic":true}